<LIFE_SIMULATION>
	<LAND_BOUNDS>
		<WIDTH>
			1000.0
		</WIDTH>
		<HEIGHT>
			750.0
		</HEIGHT>
	</LAND_BOUNDS>
	<PLANTS>
		<INITIAL_PLANT_COUNT>
			25
		</INITIAL_PLANT_COUNT>
		<GROWTH_RATE>
			0.1
		</GROWTH_RATE>
		<MAX_SIZE>
			100
		</MAX_SIZE>
		<MAX_SEED_CAST_DISTANCE>
			250
		</MAX_SEED_CAST_DISTANCE>
		<MAX_SEED_NUMBER>
			10
		</MAX_SEED_NUMBER>
		<SEED_VIABILITY>
			.50
		</SEED_VIABILITY>
		<PLANT>
			<X_POS>
				50
			</X_POS>
			<Y_POS>
				125
			</Y_POS>
			<P_DIAMETER>
				25			
			</P_DIAMETER>			
		</PLANT>
		<PLANT>
			<X_POS>
				225
			</X_POS>
			<Y_POS>
				50
			</Y_POS>
			<P_DIAMETER>
				25			
			</P_DIAMETER>			
		</PLANT>
		<PLANT>
			<X_POS>
				175
			</X_POS>
			<Y_POS>
				275
			</Y_POS>
			<P_DIAMETER>
				25			
			</P_DIAMETER>			
		</PLANT>
		<PLANT>
			<X_POS>
				125
			</X_POS>
			<Y_POS>
				300
			</Y_POS>
			<P_DIAMETER>
				25			
			</P_DIAMETER>			
		</PLANT>
		<PLANT>
			<X_POS>
				175
			</X_POS>
			<Y_POS>
				350
			</Y_POS>
			<P_DIAMETER>
				25			
			</P_DIAMETER>			
		</PLANT>
		<PLANT>
			<X_POS>
				50
			</X_POS>
			<Y_POS>
				650
			</Y_POS>
			<P_DIAMETER>
				25			
			</P_DIAMETER>			
		</PLANT>
		<PLANT>
			<X_POS>
				100
			</X_POS>
			<Y_POS>
				675
			</Y_POS>
			<P_DIAMETER>
				25			
			</P_DIAMETER>			
		</PLANT>
		<PLANT>
			<X_POS>
				300
			</X_POS>
			<Y_POS>
				425
			</Y_POS>
			<P_DIAMETER>
				25			
			</P_DIAMETER>			
		</PLANT>
		<PLANT>
			<X_POS>
				350
			</X_POS>
			<Y_POS>
				200
			</Y_POS>
			<P_DIAMETER>
				25			
			</P_DIAMETER>			
		</PLANT>
		<PLANT>
			<X_POS>
				350
			</X_POS>
			<Y_POS>
				450
			</Y_POS>
			<P_DIAMETER>
				25			
			</P_DIAMETER>			
		</PLANT>
		<PLANT>
			<X_POS>
				375
			</X_POS>
			<Y_POS>
				675
			</Y_POS>
			<P_DIAMETER>
				25			
			</P_DIAMETER>			
		</PLANT>
		<PLANT>
			<X_POS>
				400
			</X_POS>
			<Y_POS>
				225
			</Y_POS>
			<P_DIAMETER>
				25			
			</P_DIAMETER>			
		</PLANT>
		<PLANT>
			<X_POS>
				425
			</X_POS>
			<Y_POS>
				675
			</Y_POS>
			<P_DIAMETER>
				25			
			</P_DIAMETER>			
		</PLANT>
		<PLANT>
			<X_POS>
				450
			</X_POS>
			<Y_POS>
				50
			</Y_POS>
			<P_DIAMETER>
				25			
			</P_DIAMETER>			
		</PLANT>
		<PLANT>
			<X_POS>
				450
			</X_POS>
			<Y_POS>
				125
			</Y_POS>
			<P_DIAMETER>
				25			
			</P_DIAMETER>			
		</PLANT>
		<PLANT>
			<X_POS>
				475
			</X_POS>
			<Y_POS>
				75
			</Y_POS>
			<P_DIAMETER>
				25			
			</P_DIAMETER>			
		</PLANT>
		<PLANT>
			<X_POS>
				550
			</X_POS>
			<Y_POS>
				350
			</Y_POS>
			<P_DIAMETER>
				25			
			</P_DIAMETER>			
		</PLANT>
		<PLANT>
			<X_POS>
				725
			</X_POS>
			<Y_POS>
				725
			</Y_POS>
			<P_DIAMETER>
				25			
			</P_DIAMETER>			
		</PLANT>
		<PLANT>
			<X_POS>
				750
			</X_POS>
			<Y_POS>
				300
			</Y_POS>
			<P_DIAMETER>
				25			
			</P_DIAMETER>			
		</PLANT>
		<PLANT>
			<X_POS>
				750
			</X_POS>
			<Y_POS>
				700
			</Y_POS>
			<P_DIAMETER>
				25			
			</P_DIAMETER>			
		</PLANT>
		<PLANT>
			<X_POS>
				800
			</X_POS>
			<Y_POS>
				275
			</Y_POS>
			<P_DIAMETER>
				25			
			</P_DIAMETER>			
		</PLANT>
		<PLANT>
			<X_POS>
				800
			</X_POS>
			<Y_POS>
				325
			</Y_POS>
			<P_DIAMETER>
				25			
			</P_DIAMETER>			
		</PLANT>
		<PLANT>
			<X_POS>
				800
			</X_POS>
			<Y_POS>
				500
			</Y_POS>
			<P_DIAMETER>
				25			
			</P_DIAMETER>			
		</PLANT>
		<PLANT>
			<X_POS>
				825
			</X_POS>
			<Y_POS>
				75
			</Y_POS>
			<P_DIAMETER>
				25			
			</P_DIAMETER>			
		</PLANT>
		<PLANT>
			<X_POS>
				850
			</X_POS>
			<Y_POS>
				100
			</Y_POS>
			<P_DIAMETER>
				25			
			</P_DIAMETER>			
		</PLANT>
	</PLANTS>
	<GRAZERS>
		<INITIAL_GRAZER_COUNT>
			15
		</INITIAL_GRAZER_COUNT>
		<G_ENERGY_INPUT>
			5
		</G_ENERGY_INPUT>
		<G_ENERGY_OUTPUT>
			1
		</G_ENERGY_OUTPUT>
		<G_ENERGY_TO_REPRODUCE>
			100
		</G_ENERGY_TO_REPRODUCE>
		<G_MAINTAIN_SPEED>
			3.0
		</G_MAINTAIN_SPEED>
		<G_MAX_SPEED>
			20.0
		</G_MAX_SPEED>
		<GRAZER>
			<X_POS>
				60
			</X_POS>
			<Y_POS>
				135
			</Y_POS>
			<G_ENERGY_LEVEL>
				75
			</G_ENERGY_LEVEL>
		</GRAZER>
		<GRAZER>
			<X_POS>
				135
			</X_POS>
			<Y_POS>
				310
			</Y_POS>
			<G_ENERGY_LEVEL>
				75
			</G_ENERGY_LEVEL>
		</GRAZER>
		<GRAZER>
			<X_POS>
				110
			</X_POS>
			<Y_POS>
				685
			</Y_POS>
			<G_ENERGY_LEVEL>
				75
			</G_ENERGY_LEVEL>
		</GRAZER>
		<GRAZER>
			<X_POS>
				185
			</X_POS>
			<Y_POS>
				285
			</Y_POS>
			<G_ENERGY_LEVEL>
				75
			</G_ENERGY_LEVEL>
		</GRAZER>
		<GRAZER>
			<X_POS>
				335
			</X_POS>
			<Y_POS>
				185
			</Y_POS>
			<G_ENERGY_LEVEL>
				75
			</G_ENERGY_LEVEL>
		</GRAZER>
		<GRAZER>
			<X_POS>
				335
			</X_POS>
			<Y_POS>
				445
			</Y_POS>
			<G_ENERGY_LEVEL>
				75
			</G_ENERGY_LEVEL>
		</GRAZER>
		<GRAZER>
			<X_POS>
				360
			</X_POS>
			<Y_POS>
				460
			</Y_POS>
			<G_ENERGY_LEVEL>
				75
			</G_ENERGY_LEVEL>
		</GRAZER>
		<GRAZER>
			<X_POS>
				410
			</X_POS>
			<Y_POS>
				235
			</Y_POS>
			<G_ENERGY_LEVEL>
				75
			</G_ENERGY_LEVEL>
		</GRAZER>
		<GRAZER>
			<X_POS>
				460
			</X_POS>
			<Y_POS>
				85
			</Y_POS>
			<G_ENERGY_LEVEL>
				75
			</G_ENERGY_LEVEL>
		</GRAZER>
		<GRAZER>
			<X_POS>
				560
			</X_POS>
			<Y_POS>
				335
			</Y_POS>
			<G_ENERGY_LEVEL>
				75
			</G_ENERGY_LEVEL>
		</GRAZER>
		<GRAZER>
			<X_POS>
				760
			</X_POS>
			<Y_POS>
				285
			</Y_POS>
			<G_ENERGY_LEVEL>
				75
			</G_ENERGY_LEVEL>
		</GRAZER>
		<GRAZER>
			<X_POS>
				810
			</X_POS>
			<Y_POS>
				335
			</Y_POS>
			<G_ENERGY_LEVEL>
				75
			</G_ENERGY_LEVEL>
		</GRAZER>
		<GRAZER>
			<X_POS>
				810
			</X_POS>
			<Y_POS>
				510
			</Y_POS>
			<G_ENERGY_LEVEL>
				75
			</G_ENERGY_LEVEL>
		</GRAZER>
		<GRAZER>
			<X_POS>
				760
			</X_POS>
			<Y_POS>
				710
			</Y_POS>
			<G_ENERGY_LEVEL>
				75
			</G_ENERGY_LEVEL>
		</GRAZER>
		<GRAZER>
			<X_POS>
				860
			</X_POS>
			<Y_POS>
				110
			</Y_POS>
			<G_ENERGY_LEVEL>
				75
			</G_ENERGY_LEVEL>
		</GRAZER>
	</GRAZERS>
	<PREDATORS>
		<INITIAL_PREDATOR_COUNT>
			5
		</INITIAL_PREDATOR_COUNT>
		<MAX_SPEED_HOD>
			20.0
		</MAX_SPEED_HOD>
		<MAX_SPEED_HED>
			18.0
		</MAX_SPEED_HED>
		<MAX_SPEED_HOR>
			15.0
		</MAX_SPEED_HOR>
		<P_MAINTAIN_SPEED>
			4.0
		</P_MAINTAIN_SPEED>
		<P_ENERGY_OUTPUT>
			10
		</P_ENERGY_OUTPUT>
		<P_ENERGY_TO_REPRODUCE>
			500
		</P_ENERGY_TO_REPRODUCE>
		<P_MAX_OFFSPRING>
			3
		</P_MAX_OFFSPRING>
		<P_GESTATION>
			5.0
		</P_GESTATION>
		<P_OFFSPRING_ENERGY>
			100
		</P_OFFSPRING_ENERGY>
		<PREDATOR>
			<X_POS>
				275
			</X_POS>
			<Y_POS>
				125
			</Y_POS>
			<P_ENERGY_LEVEL>
				450
			</P_ENERGY_LEVEL>
			<GENOTYPE>
				AA SS FF
			</GENOTYPE>
		</PREDATOR>
		<PREDATOR>
			<X_POS>
				200
			</X_POS>
			<Y_POS>
				575
			</Y_POS>
			<P_ENERGY_LEVEL>
				425
			</P_ENERGY_LEVEL>
			<GENOTYPE>
				Aa Ss Ff
			</GENOTYPE>
		</PREDATOR>
		<PREDATOR>
			<X_POS>
				475
			</X_POS>
			<Y_POS>
				400
			</Y_POS>
			<P_ENERGY_LEVEL>
				475
			</P_ENERGY_LEVEL>
			<GENOTYPE>
				Aa Ss Ff
			</GENOTYPE>
		</PREDATOR>
		<PREDATOR>
			<X_POS>
				775
			</X_POS>
			<Y_POS>
				225
			</Y_POS>
			<P_ENERGY_LEVEL>
				450
			</P_ENERGY_LEVEL>
			<GENOTYPE>
				Aa Ss Ff
			</GENOTYPE>
		</PREDATOR>
		<PREDATOR>
			<X_POS>
				825
			</X_POS>
			<Y_POS>
				600
			</Y_POS>
			<P_ENERGY_LEVEL>
				475
			</P_ENERGY_LEVEL>
			<GENOTYPE>
				aa ss ff
			</GENOTYPE>
		</PREDATOR>
	</PREDATORS>
	<OBSTACLES>
		<INITIAL_OBSTACLE_COUNT>
			15
		</INITIAL_OBSTACLE_COUNT>
		<OBSTACLE>
			<X_POS>
				75
			</X_POS>
			<Y_POS>
				450
			</Y_POS>
			<O_DIAMETER>
				50			
			</O_DIAMETER>			
			<O_HEIGHT>
				10
			</O_HEIGHT>
		</OBSTACLE>
		<OBSTACLE>
			<X_POS>
				100
			</X_POS>
			<Y_POS>
				50
			</Y_POS>
			<O_DIAMETER>
				50			
			</O_DIAMETER>			
			<O_HEIGHT>
				15
			</O_HEIGHT>
		</OBSTACLE>
		<OBSTACLE>
			<X_POS>
				150
			</X_POS>
			<Y_POS>
				475
			</Y_POS>
			<O_DIAMETER>
				50			
			</O_DIAMETER>			
			<O_HEIGHT>
				15
			</O_HEIGHT>
		</OBSTACLE>
		<OBSTACLE>
			<X_POS>
				350
			</X_POS>
			<Y_POS>
				600
			</Y_POS>
			<O_DIAMETER>
				50			
			</O_DIAMETER>			
			<O_HEIGHT>
				10
			</O_HEIGHT>
		</OBSTACLE>
		<OBSTACLE>
			<X_POS>
				550
			</X_POS>
			<Y_POS>
				600
			</Y_POS>
			<O_DIAMETER>
				50			
			</O_DIAMETER>			
			<O_HEIGHT>
				20
			</O_HEIGHT>
		</OBSTACLE>
		<OBSTACLE>
			<X_POS>
				500
			</X_POS>
			<Y_POS>
				250
			</Y_POS>
			<O_DIAMETER>
				75			
			</O_DIAMETER>			
			<O_HEIGHT>
				15
			</O_HEIGHT>
		</OBSTACLE>
		<OBSTACLE>
			<X_POS>
				650
			</X_POS>
			<Y_POS>
				550
			</Y_POS>
			<O_DIAMETER>
				75			
			</O_DIAMETER>			
			<O_HEIGHT>
				10
			</O_HEIGHT>
		</OBSTACLE>
		<OBSTACLE>
			<X_POS>
				775
			</X_POS>
			<Y_POS>
				150
			</Y_POS>
			<O_DIAMETER>
				75			
			</O_DIAMETER>			
			<O_HEIGHT>
				15
			</O_HEIGHT>
		</OBSTACLE>
		<OBSTACLE>
			<X_POS>
				275
			</X_POS>
			<Y_POS>
				100
			</Y_POS>
			<O_DIAMETER>
				25			
			</O_DIAMETER>			
			<O_HEIGHT>
				15
			</O_HEIGHT>
		</OBSTACLE>
		<OBSTACLE>
			<X_POS>
				275
			</X_POS>
			<Y_POS>
				250
			</Y_POS>
			<O_DIAMETER>
				25			
			</O_DIAMETER>			
			<O_HEIGHT>
				10
			</O_HEIGHT>
		</OBSTACLE>
		<OBSTACLE>
			<X_POS>
				350
			</X_POS>
			<Y_POS>
				375
			</Y_POS>
			<O_DIAMETER>
				25			
			</O_DIAMETER>			
			<O_HEIGHT>
				15
			</O_HEIGHT>
		</OBSTACLE>
		<OBSTACLE>
			<X_POS>
				400
			</X_POS>
			<Y_POS>
				175
			</Y_POS>
			<O_DIAMETER>
				25			
			</O_DIAMETER>			
			<O_HEIGHT>
				10
			</O_HEIGHT>
		</OBSTACLE>
		<OBSTACLE>
			<X_POS>
				525
			</X_POS>
			<Y_POS>
				325
			</Y_POS>
			<O_DIAMETER>
				25			
			</O_DIAMETER>			
			<O_HEIGHT>
				15
			</O_HEIGHT>
		</OBSTACLE>
		<OBSTACLE>
			<X_POS>
				725
			</X_POS>
			<Y_POS>
				125
			</Y_POS>
			<O_DIAMETER>
				25			
			</O_DIAMETER>			
			<O_HEIGHT>
				10
			</O_HEIGHT>
		</OBSTACLE>
		<OBSTACLE>
			<X_POS>
				825
			</X_POS>
			<Y_POS>
				550
			</Y_POS>
			<O_DIAMETER>
				25			
			</O_DIAMETER>			
			<O_HEIGHT>
				15
			</O_HEIGHT>
		</OBSTACLE>
	<OBSTACLES>
</LIFE_SIMULATION>
